Country Name,Country Code,Series Name,Series Code,Year,Money
Afghanistan,AFG,GDP (current US$),NY.GDP.MKTP.CD,1960,
Africa Eastern and Southern,AFE,GDP (current US$),NY.GDP.MKTP.CD,1960,16701511670.0
Africa Western and Central,AFW,GDP (current US$),NY.GDP.MKTP.CD,1960,10407321640.0
Albania,ALB,GDP (current US$),NY.GDP.MKTP.CD,1960,
Algeria,DZA,GDP (current US$),NY.GDP.MKTP.CD,1960,2723593385.0
Vanuatu,VUT,GDP (current US$),NY.GDP.MKTP.CD,1960,
Vietnam,VNM,GDP (current US$),NY.GDP.MKTP.CD,1960,
West Bank and Gaza,PSE,GDP (current US$),NY.GDP.MKTP.CD,1960,
Zambia,ZMB,GDP (current US$),NY.GDP.MKTP.CD,1960,713000000.0
Zimbabwe,ZWE,GDP (current US$),NY.GDP.MKTP.CD,1960,1052990400.0
Afghanistan,AFG,GDP (current US$),NY.GDP.MKTP.CD,1961,
Africa Eastern and Southern,AFE,GDP (current US$),NY.GDP.MKTP.CD,1961,17488216782.0
Africa Western and Central,AFW,GDP (current US$),NY.GDP.MKTP.CD,1961,11131302981.0
Albania,ALB,GDP (current US$),NY.GDP.MKTP.CD,1961,
Algeria,DZA,GDP (current US$),NY.GDP.MKTP.CD,1961,2434727330.0
Vanuatu,VUT,GDP (current US$),NY.GDP.MKTP.CD,1961,
Vietnam,VNM,GDP (current US$),NY.GDP.MKTP.CD,1961,
West Bank and Gaza,PSE,GDP (current US$),NY.GDP.MKTP.CD,1961,
Zambia,ZMB,GDP (current US$),NY.GDP.MKTP.CD,1961,696285714.3
Zimbabwe,ZWE,GDP (current US$),NY.GDP.MKTP.CD,1961,1096646600.0
Afghanistan,AFG,GDP (current US$),NY.GDP.MKTP.CD,1962,546666677.8
Africa Eastern and Southern,AFE,GDP (current US$),NY.GDP.MKTP.CD,1962,18535844610.0
Africa Western and Central,AFW,GDP (current US$),NY.GDP.MKTP.CD,1962,11946843969.0
Albania,ALB,GDP (current US$),NY.GDP.MKTP.CD,1962,
Algeria,DZA,GDP (current US$),NY.GDP.MKTP.CD,1962,2001428328.0
Vanuatu,VUT,GDP (current US$),NY.GDP.MKTP.CD,1962,
Vietnam,VNM,GDP (current US$),NY.GDP.MKTP.CD,1962,
West Bank and Gaza,PSE,GDP (current US$),NY.GDP.MKTP.CD,1962,
Zambia,ZMB,GDP (current US$),NY.GDP.MKTP.CD,1962,693142857.1
Zimbabwe,ZWE,GDP (current US$),NY.GDP.MKTP.CD,1962,1117601600.0
Afghanistan,AFG,GDP (current US$),NY.GDP.MKTP.CD,1963,751111191.1
Africa Eastern and Southern,AFE,GDP (current US$),NY.GDP.MKTP.CD,1963,20073248788.0
Africa Western and Central,AFW,GDP (current US$),NY.GDP.MKTP.CD,1963,12680220415.0
Albania,ALB,GDP (current US$),NY.GDP.MKTP.CD,1963,
Algeria,DZA,GDP (current US$),NY.GDP.MKTP.CD,1963,2702960118.0
Vanuatu,VUT,GDP (current US$),NY.GDP.MKTP.CD,1963,
Vietnam,VNM,GDP (current US$),NY.GDP.MKTP.CD,1963,
West Bank and Gaza,PSE,GDP (current US$),NY.GDP.MKTP.CD,1963,
Zambia,ZMB,GDP (current US$),NY.GDP.MKTP.CD,1963,718714285.7
Zimbabwe,ZWE,GDP (current US$),NY.GDP.MKTP.CD,1963,1159511700.0
Afghanistan,AFG,GDP (current US$),NY.GDP.MKTP.CD,1964,800000044.4
Africa Eastern and Southern,AFE,GDP (current US$),NY.GDP.MKTP.CD,1964,21865832568.0
Africa Western and Central,AFW,GDP (current US$),NY.GDP.MKTP.CD,1964,13842621612.0
Albania,ALB,GDP (current US$),NY.GDP.MKTP.CD,1964,
Algeria,DZA,GDP (current US$),NY.GDP.MKTP.CD,1964,2909292864.0
Vanuatu,VUT,GDP (current US$),NY.GDP.MKTP.CD,1964,
Vietnam,VNM,GDP (current US$),NY.GDP.MKTP.CD,1964,
West Bank and Gaza,PSE,GDP (current US$),NY.GDP.MKTP.CD,1964,
Zambia,ZMB,GDP (current US$),NY.GDP.MKTP.CD,1964,839428571.4
Zimbabwe,ZWE,GDP (current US$),NY.GDP.MKTP.CD,1964,1217138000.0
Afghanistan,AFG,GDP (current US$),NY.GDP.MKTP.CD,1965,1006666638.0
Africa Eastern and Southern,AFE,GDP (current US$),NY.GDP.MKTP.CD,1965,23962869801.0
Africa Western and Central,AFW,GDP (current US$),NY.GDP.MKTP.CD,1965,14866816737.0
Albania,ALB,GDP (current US$),NY.GDP.MKTP.CD,1965,
Algeria,DZA,GDP (current US$),NY.GDP.MKTP.CD,1965,3136258897.0
Vanuatu,VUT,GDP (current US$),NY.GDP.MKTP.CD,1965,
Vietnam,VNM,GDP (current US$),NY.GDP.MKTP.CD,1965,
West Bank and Gaza,PSE,GDP (current US$),NY.GDP.MKTP.CD,1965,
Zambia,ZMB,GDP (current US$),NY.GDP.MKTP.CD,1965,1082857143.0
Zimbabwe,ZWE,GDP (current US$),NY.GDP.MKTP.CD,1965,1311435800.0
Afghanistan,AFG,GDP (current US$),NY.GDP.MKTP.CD,1966,1399999967.0
Africa Eastern and Southern,AFE,GDP (current US$),NY.GDP.MKTP.CD,1966,25885587653.0
Africa Western and Central,AFW,GDP (current US$),NY.GDP.MKTP.CD,1966,15837474343.0
Albania,ALB,GDP (current US$),NY.GDP.MKTP.CD,1966,
Algeria,DZA,GDP (current US$),NY.GDP.MKTP.CD,1966,3039834559.0
Vanuatu,VUT,GDP (current US$),NY.GDP.MKTP.CD,1966,
Vietnam,VNM,GDP (current US$),NY.GDP.MKTP.CD,1966,
West Bank and Gaza,PSE,GDP (current US$),NY.GDP.MKTP.CD,1966,
Zambia,ZMB,GDP (current US$),NY.GDP.MKTP.CD,1966,1264285714.0
Zimbabwe,ZWE,GDP (current US$),NY.GDP.MKTP.CD,1966,1281749500.0
Afghanistan,AFG,GDP (current US$),NY.GDP.MKTP.CD,1967,1673333418.0
Africa Eastern and Southern,AFE,GDP (current US$),NY.GDP.MKTP.CD,1967,28433089614.0
Africa Western and Central,AFW,GDP (current US$),NY.GDP.MKTP.CD,1967,14430648807.0
Albania,ALB,GDP (current US$),NY.GDP.MKTP.CD,1967,
Algeria,DZA,GDP (current US$),NY.GDP.MKTP.CD,1967,3370843066.0
Vanuatu,VUT,GDP (current US$),NY.GDP.MKTP.CD,1967,
Vietnam,VNM,GDP (current US$),NY.GDP.MKTP.CD,1967,
West Bank and Gaza,PSE,GDP (current US$),NY.GDP.MKTP.CD,1967,
Zambia,ZMB,GDP (current US$),NY.GDP.MKTP.CD,1967,1368000000.0
Zimbabwe,ZWE,GDP (current US$),NY.GDP.MKTP.CD,1967,1397002000.0
Afghanistan,AFG,GDP (current US$),NY.GDP.MKTP.CD,1968,1373333367.0
Africa Eastern and Southern,AFE,GDP (current US$),NY.GDP.MKTP.CD,1968,30701818463.0
Africa Western and Central,AFW,GDP (current US$),NY.GDP.MKTP.CD,1968,14884699923.0
Albania,ALB,GDP (current US$),NY.GDP.MKTP.CD,1968,
Algeria,DZA,GDP (current US$),NY.GDP.MKTP.CD,1968,3852115817.0
Vanuatu,VUT,GDP (current US$),NY.GDP.MKTP.CD,1968,
Vietnam,VNM,GDP (current US$),NY.GDP.MKTP.CD,1968,
West Bank and Gaza,PSE,GDP (current US$),NY.GDP.MKTP.CD,1968,
Zambia,ZMB,GDP (current US$),NY.GDP.MKTP.CD,1968,1605857143.0
Zimbabwe,ZWE,GDP (current US$),NY.GDP.MKTP.CD,1968,1479599900.0
Afghanistan,AFG,GDP (current US$),NY.GDP.MKTP.CD,1969,1408888922.0
Africa Eastern and Southern,AFE,GDP (current US$),NY.GDP.MKTP.CD,1969,34564497179.0
Africa Western and Central,AFW,GDP (current US$),NY.GDP.MKTP.CD,1969,16887028428.0
Albania,ALB,GDP (current US$),NY.GDP.MKTP.CD,1969,
Algeria,DZA,GDP (current US$),NY.GDP.MKTP.CD,1969,4257218772.0
Vanuatu,VUT,GDP (current US$),NY.GDP.MKTP.CD,1969,
Vietnam,VNM,GDP (current US$),NY.GDP.MKTP.CD,1969,
West Bank and Gaza,PSE,GDP (current US$),NY.GDP.MKTP.CD,1969,
Zambia,ZMB,GDP (current US$),NY.GDP.MKTP.CD,1969,1965714286.0
Zimbabwe,ZWE,GDP (current US$),NY.GDP.MKTP.CD,1969,1747998800.0
Afghanistan,AFG,GDP (current US$),NY.GDP.MKTP.CD,1970,1748886596.0
Africa Eastern and Southern,AFE,GDP (current US$),NY.GDP.MKTP.CD,1970,37543849118.0
Africa Western and Central,AFW,GDP (current US$),NY.GDP.MKTP.CD,1970,23511477700.0
Albania,ALB,GDP (current US$),NY.GDP.MKTP.CD,1970,
Algeria,DZA,GDP (current US$),NY.GDP.MKTP.CD,1970,4863487493.0
Vanuatu,VUT,GDP (current US$),NY.GDP.MKTP.CD,1970,
Vietnam,VNM,GDP (current US$),NY.GDP.MKTP.CD,1970,
West Bank and Gaza,PSE,GDP (current US$),NY.GDP.MKTP.CD,1970,
Zambia,ZMB,GDP (current US$),NY.GDP.MKTP.CD,1970,1825285714.0
Zimbabwe,ZWE,GDP (current US$),NY.GDP.MKTP.CD,1970,1884206300.0
Afghanistan,AFG,GDP (current US$),NY.GDP.MKTP.CD,1971,1831108971.0
Africa Eastern and Southern,AFE,GDP (current US$),NY.GDP.MKTP.CD,1971,41150457280.0
Africa Western and Central,AFW,GDP (current US$),NY.GDP.MKTP.CD,1971,20838908163.0
Albania,ALB,GDP (current US$),NY.GDP.MKTP.CD,1971,
Algeria,DZA,GDP (current US$),NY.GDP.MKTP.CD,1971,5077222367.0
Vanuatu,VUT,GDP (current US$),NY.GDP.MKTP.CD,1971,
Vietnam,VNM,GDP (current US$),NY.GDP.MKTP.CD,1971,
West Bank and Gaza,PSE,GDP (current US$),NY.GDP.MKTP.CD,1971,
Zambia,ZMB,GDP (current US$),NY.GDP.MKTP.CD,1971,1687000000.0
Zimbabwe,ZWE,GDP (current US$),NY.GDP.MKTP.CD,1971,2178716300.0
Afghanistan,AFG,GDP (current US$),NY.GDP.MKTP.CD,1972,1595555476.0
Africa Eastern and Southern,AFE,GDP (current US$),NY.GDP.MKTP.CD,1972,44566469569.0
Africa Western and Central,AFW,GDP (current US$),NY.GDP.MKTP.CD,1972,25272340678.0
Albania,ALB,GDP (current US$),NY.GDP.MKTP.CD,1972,
Algeria,DZA,GDP (current US$),NY.GDP.MKTP.CD,1972,6766766611.0
Vanuatu,VUT,GDP (current US$),NY.GDP.MKTP.CD,1972,
Vietnam,VNM,GDP (current US$),NY.GDP.MKTP.CD,1972,
West Bank and Gaza,PSE,GDP (current US$),NY.GDP.MKTP.CD,1972,
Zambia,ZMB,GDP (current US$),NY.GDP.MKTP.CD,1972,1910714286.0
Zimbabwe,ZWE,GDP (current US$),NY.GDP.MKTP.CD,1972,2677729400.0
Afghanistan,AFG,GDP (current US$),NY.GDP.MKTP.CD,1973,1733333264.0
Africa Eastern and Southern,AFE,GDP (current US$),NY.GDP.MKTP.CD,1973,58339180433.0
Africa Western and Central,AFW,GDP (current US$),NY.GDP.MKTP.CD,1973,31282962686.0
Albania,ALB,GDP (current US$),NY.GDP.MKTP.CD,1973,
Algeria,DZA,GDP (current US$),NY.GDP.MKTP.CD,1973,8707847924.0
Vanuatu,VUT,GDP (current US$),NY.GDP.MKTP.CD,1973,
Vietnam,VNM,GDP (current US$),NY.GDP.MKTP.CD,1973,
West Bank and Gaza,PSE,GDP (current US$),NY.GDP.MKTP.CD,1973,
Zambia,ZMB,GDP (current US$),NY.GDP.MKTP.CD,1973,2268714286.0
Zimbabwe,ZWE,GDP (current US$),NY.GDP.MKTP.CD,1973,3309353600.0
Afghanistan,AFG,GDP (current US$),NY.GDP.MKTP.CD,1974,2155555498.0
Africa Eastern and Southern,AFE,GDP (current US$),NY.GDP.MKTP.CD,1974,72708011831.0
Africa Western and Central,AFW,GDP (current US$),NY.GDP.MKTP.CD,1974,44227412162.0
Albania,ALB,GDP (current US$),NY.GDP.MKTP.CD,1974,
Algeria,DZA,GDP (current US$),NY.GDP.MKTP.CD,1974,13210029612.0
Vanuatu,VUT,GDP (current US$),NY.GDP.MKTP.CD,1974,
Vietnam,VNM,GDP (current US$),NY.GDP.MKTP.CD,1974,
West Bank and Gaza,PSE,GDP (current US$),NY.GDP.MKTP.CD,1974,
Zambia,ZMB,GDP (current US$),NY.GDP.MKTP.CD,1974,3121833333.0
Zimbabwe,ZWE,GDP (current US$),NY.GDP.MKTP.CD,1974,3982161400.0
Afghanistan,AFG,GDP (current US$),NY.GDP.MKTP.CD,1975,2366666616.0
Africa Eastern and Southern,AFE,GDP (current US$),NY.GDP.MKTP.CD,1975,77519768057.0
Africa Western and Central,AFW,GDP (current US$),NY.GDP.MKTP.CD,1975,51459772973.0
Albania,ALB,GDP (current US$),NY.GDP.MKTP.CD,1975,
Algeria,DZA,GDP (current US$),NY.GDP.MKTP.CD,1975,15557934268.0
Vanuatu,VUT,GDP (current US$),NY.GDP.MKTP.CD,1975,
Vietnam,VNM,GDP (current US$),NY.GDP.MKTP.CD,1975,
West Bank and Gaza,PSE,GDP (current US$),NY.GDP.MKTP.CD,1975,
Zambia,ZMB,GDP (current US$),NY.GDP.MKTP.CD,1975,2618666667.0
Zimbabwe,ZWE,GDP (current US$),NY.GDP.MKTP.CD,1975,4371300700.0
Afghanistan,AFG,GDP (current US$),NY.GDP.MKTP.CD,1976,2555555567.0
Africa Eastern and Southern,AFE,GDP (current US$),NY.GDP.MKTP.CD,1976,78014891586.0
Africa Western and Central,AFW,GDP (current US$),NY.GDP.MKTP.CD,1976,62147555474.0
Albania,ALB,GDP (current US$),NY.GDP.MKTP.CD,1976,
Algeria,DZA,GDP (current US$),NY.GDP.MKTP.CD,1976,17728347375.0
Vanuatu,VUT,GDP (current US$),NY.GDP.MKTP.CD,1976,
Vietnam,VNM,GDP (current US$),NY.GDP.MKTP.CD,1976,
West Bank and Gaza,PSE,GDP (current US$),NY.GDP.MKTP.CD,1976,
Zambia,ZMB,GDP (current US$),NY.GDP.MKTP.CD,1976,2746714286.0
Zimbabwe,ZWE,GDP (current US$),NY.GDP.MKTP.CD,1976,4318372000.0
Afghanistan,AFG,GDP (current US$),NY.GDP.MKTP.CD,1977,2953333418.0
Africa Eastern and Southern,AFE,GDP (current US$),NY.GDP.MKTP.CD,1977,87407257186.0
Africa Western and Central,AFW,GDP (current US$),NY.GDP.MKTP.CD,1977,65334104528.0
Albania,ALB,GDP (current US$),NY.GDP.MKTP.CD,1977,
Algeria,DZA,GDP (current US$),NY.GDP.MKTP.CD,1977,20971901273.0
Vanuatu,VUT,GDP (current US$),NY.GDP.MKTP.CD,1977,
Vietnam,VNM,GDP (current US$),NY.GDP.MKTP.CD,1977,
West Bank and Gaza,PSE,GDP (current US$),NY.GDP.MKTP.CD,1977,
Zambia,ZMB,GDP (current US$),NY.GDP.MKTP.CD,1977,2483000000.0
Zimbabwe,ZWE,GDP (current US$),NY.GDP.MKTP.CD,1977,4364382100.0
Afghanistan,AFG,GDP (current US$),NY.GDP.MKTP.CD,1978,3300000109.0
Africa Eastern and Southern,AFE,GDP (current US$),NY.GDP.MKTP.CD,1978,95931509758.0
Africa Western and Central,AFW,GDP (current US$),NY.GDP.MKTP.CD,1978,71220525033.0
Albania,ALB,GDP (current US$),NY.GDP.MKTP.CD,1978,
Algeria,DZA,GDP (current US$),NY.GDP.MKTP.CD,1978,26364491313.0
Vanuatu,VUT,GDP (current US$),NY.GDP.MKTP.CD,1978,
Vietnam,VNM,GDP (current US$),NY.GDP.MKTP.CD,1978,
West Bank and Gaza,PSE,GDP (current US$),NY.GDP.MKTP.CD,1978,
Zambia,ZMB,GDP (current US$),NY.GDP.MKTP.CD,1978,2813375000.0
Zimbabwe,ZWE,GDP (current US$),NY.GDP.MKTP.CD,1978,4351600500.0
Afghanistan,AFG,GDP (current US$),NY.GDP.MKTP.CD,1979,3697940410.0
Africa Eastern and Southern,AFE,GDP (current US$),NY.GDP.MKTP.CD,1979,116000000000.0
Africa Western and Central,AFW,GDP (current US$),NY.GDP.MKTP.CD,1979,88654314398.0
Albania,ALB,GDP (current US$),NY.GDP.MKTP.CD,1979,
Algeria,DZA,GDP (current US$),NY.GDP.MKTP.CD,1979,33243422158.0
Vanuatu,VUT,GDP (current US$),NY.GDP.MKTP.CD,1979,119258835.3
Vietnam,VNM,GDP (current US$),NY.GDP.MKTP.CD,1979,
West Bank and Gaza,PSE,GDP (current US$),NY.GDP.MKTP.CD,1979,
Zambia,ZMB,GDP (current US$),NY.GDP.MKTP.CD,1979,3325500000.0
Zimbabwe,ZWE,GDP (current US$),NY.GDP.MKTP.CD,1979,5177459400.0
Afghanistan,AFG,GDP (current US$),NY.GDP.MKTP.CD,1980,3641723322.0
Africa Eastern and Southern,AFE,GDP (current US$),NY.GDP.MKTP.CD,1980,151000000000.0
Africa Western and Central,AFW,GDP (current US$),NY.GDP.MKTP.CD,1980,112000000000.0
Albania,ALB,GDP (current US$),NY.GDP.MKTP.CD,1980,
Algeria,DZA,GDP (current US$),NY.GDP.MKTP.CD,1980,42346380831.0
Vanuatu,VUT,GDP (current US$),NY.GDP.MKTP.CD,1980,121185497.6
Vietnam,VNM,GDP (current US$),NY.GDP.MKTP.CD,1980,
West Bank and Gaza,PSE,GDP (current US$),NY.GDP.MKTP.CD,1980,
Zambia,ZMB,GDP (current US$),NY.GDP.MKTP.CD,1980,3829500000.0
Zimbabwe,ZWE,GDP (current US$),NY.GDP.MKTP.CD,1980,6678868200.0
Afghanistan,AFG,GDP (current US$),NY.GDP.MKTP.CD,1981,3478787909.0
Africa Eastern and Southern,AFE,GDP (current US$),NY.GDP.MKTP.CD,1981,158000000000.0
Africa Western and Central,AFW,GDP (current US$),NY.GDP.MKTP.CD,1981,211000000000.0
Albania,ALB,GDP (current US$),NY.GDP.MKTP.CD,1981,
Algeria,DZA,GDP (current US$),NY.GDP.MKTP.CD,1981,44348672668.0
Vanuatu,VUT,GDP (current US$),NY.GDP.MKTP.CD,1981,113781795.8
Vietnam,VNM,GDP (current US$),NY.GDP.MKTP.CD,1981,
West Bank and Gaza,PSE,GDP (current US$),NY.GDP.MKTP.CD,1981,
Zambia,ZMB,GDP (current US$),NY.GDP.MKTP.CD,1981,3872666667.0
Zimbabwe,ZWE,GDP (current US$),NY.GDP.MKTP.CD,1981,8011373800.0
Afghanistan,AFG,GDP (current US$),NY.GDP.MKTP.CD,1982,
Africa Eastern and Southern,AFE,GDP (current US$),NY.GDP.MKTP.CD,1982,150000000000.0
Africa Western and Central,AFW,GDP (current US$),NY.GDP.MKTP.CD,1982,187000000000.0
Albania,ALB,GDP (current US$),NY.GDP.MKTP.CD,1982,
Algeria,DZA,GDP (current US$),NY.GDP.MKTP.CD,1982,45207088716.0
Vanuatu,VUT,GDP (current US$),NY.GDP.MKTP.CD,1982,114501912.5
Vietnam,VNM,GDP (current US$),NY.GDP.MKTP.CD,1982,
West Bank and Gaza,PSE,GDP (current US$),NY.GDP.MKTP.CD,1982,
Zambia,ZMB,GDP (current US$),NY.GDP.MKTP.CD,1982,3994777778.0
Zimbabwe,ZWE,GDP (current US$),NY.GDP.MKTP.CD,1982,8539700700.0
Afghanistan,AFG,GDP (current US$),NY.GDP.MKTP.CD,1983,
Africa Eastern and Southern,AFE,GDP (current US$),NY.GDP.MKTP.CD,1983,159000000000.0
Africa Western and Central,AFW,GDP (current US$),NY.GDP.MKTP.CD,1983,138000000000.0
Albania,ALB,GDP (current US$),NY.GDP.MKTP.CD,1983,
Algeria,DZA,GDP (current US$),NY.GDP.MKTP.CD,1983,48801369800.0
Vanuatu,VUT,GDP (current US$),NY.GDP.MKTP.CD,1983,117389554.2
Vietnam,VNM,GDP (current US$),NY.GDP.MKTP.CD,1983,
West Bank and Gaza,PSE,GDP (current US$),NY.GDP.MKTP.CD,1983,
Zambia,ZMB,GDP (current US$),NY.GDP.MKTP.CD,1983,3216307692.0
Zimbabwe,ZWE,GDP (current US$),NY.GDP.MKTP.CD,1983,7764067000.0
Afghanistan,AFG,GDP (current US$),NY.GDP.MKTP.CD,1984,
Africa Eastern and Southern,AFE,GDP (current US$),NY.GDP.MKTP.CD,1984,148000000000.0
Africa Western and Central,AFW,GDP (current US$),NY.GDP.MKTP.CD,1984,114000000000.0
Albania,ALB,GDP (current US$),NY.GDP.MKTP.CD,1984,1857338012.0
Algeria,DZA,GDP (current US$),NY.GDP.MKTP.CD,1984,53698278906.0
Vanuatu,VUT,GDP (current US$),NY.GDP.MKTP.CD,1984,144482515.4
Vietnam,VNM,GDP (current US$),NY.GDP.MKTP.CD,1984,
West Bank and Gaza,PSE,GDP (current US$),NY.GDP.MKTP.CD,1984,
Zambia,ZMB,GDP (current US$),NY.GDP.MKTP.CD,1984,2739444444.0
Zimbabwe,ZWE,GDP (current US$),NY.GDP.MKTP.CD,1984,6352125900.0
Afghanistan,AFG,GDP (current US$),NY.GDP.MKTP.CD,1985,
Africa Eastern and Southern,AFE,GDP (current US$),NY.GDP.MKTP.CD,1985,129000000000.0
Africa Western and Central,AFW,GDP (current US$),NY.GDP.MKTP.CD,1985,117000000000.0
Albania,ALB,GDP (current US$),NY.GDP.MKTP.CD,1985,1897050133.0
Algeria,DZA,GDP (current US$),NY.GDP.MKTP.CD,1985,57937868670.0
Vanuatu,VUT,GDP (current US$),NY.GDP.MKTP.CD,1985,131856420.7
Vietnam,VNM,GDP (current US$),NY.GDP.MKTP.CD,1985,14094687821.0
West Bank and Gaza,PSE,GDP (current US$),NY.GDP.MKTP.CD,1985,
Zambia,ZMB,GDP (current US$),NY.GDP.MKTP.CD,1985,2281258065.0
Zimbabwe,ZWE,GDP (current US$),NY.GDP.MKTP.CD,1985,5637259300.0
Afghanistan,AFG,GDP (current US$),NY.GDP.MKTP.CD,1986,
Africa Eastern and Southern,AFE,GDP (current US$),NY.GDP.MKTP.CD,1986,147000000000.0
Africa Western and Central,AFW,GDP (current US$),NY.GDP.MKTP.CD,1986,108000000000.0
Albania,ALB,GDP (current US$),NY.GDP.MKTP.CD,1986,2097326250.0
Algeria,DZA,GDP (current US$),NY.GDP.MKTP.CD,1986,63692238160.0
Vanuatu,VUT,GDP (current US$),NY.GDP.MKTP.CD,1986,126498935.3
Vietnam,VNM,GDP (current US$),NY.GDP.MKTP.CD,1986,26336616250.0
West Bank and Gaza,PSE,GDP (current US$),NY.GDP.MKTP.CD,1986,
Zambia,ZMB,GDP (current US$),NY.GDP.MKTP.CD,1986,1661948718.0
Zimbabwe,ZWE,GDP (current US$),NY.GDP.MKTP.CD,1986,6217523700.0
Afghanistan,AFG,GDP (current US$),NY.GDP.MKTP.CD,1987,
Africa Eastern and Southern,AFE,GDP (current US$),NY.GDP.MKTP.CD,1987,179000000000.0
Africa Western and Central,AFW,GDP (current US$),NY.GDP.MKTP.CD,1987,110000000000.0
Albania,ALB,GDP (current US$),NY.GDP.MKTP.CD,1987,2080796250.0
Algeria,DZA,GDP (current US$),NY.GDP.MKTP.CD,1987,66746396416.0
Vanuatu,VUT,GDP (current US$),NY.GDP.MKTP.CD,1987,139464173.5
Vietnam,VNM,GDP (current US$),NY.GDP.MKTP.CD,1987,36658108850.0
West Bank and Gaza,PSE,GDP (current US$),NY.GDP.MKTP.CD,1987,
Zambia,ZMB,GDP (current US$),NY.GDP.MKTP.CD,1987,2269894737.0
Zimbabwe,ZWE,GDP (current US$),NY.GDP.MKTP.CD,1987,6741215100.0
Afghanistan,AFG,GDP (current US$),NY.GDP.MKTP.CD,1988,
Africa Eastern and Southern,AFE,GDP (current US$),NY.GDP.MKTP.CD,1988,189000000000.0
Africa Western and Central,AFW,GDP (current US$),NY.GDP.MKTP.CD,1988,109000000000.0
Albania,ALB,GDP (current US$),NY.GDP.MKTP.CD,1988,2051236250.0
Algeria,DZA,GDP (current US$),NY.GDP.MKTP.CD,1988,59089067187.0
Vanuatu,VUT,GDP (current US$),NY.GDP.MKTP.CD,1988,158351368.4
Vietnam,VNM,GDP (current US$),NY.GDP.MKTP.CD,1988,25423812649.0
West Bank and Gaza,PSE,GDP (current US$),NY.GDP.MKTP.CD,1988,
Zambia,ZMB,GDP (current US$),NY.GDP.MKTP.CD,1988,3713614458.0
Zimbabwe,ZWE,GDP (current US$),NY.GDP.MKTP.CD,1988,7814784100.0
Afghanistan,AFG,GDP (current US$),NY.GDP.MKTP.CD,1989,
Africa Eastern and Southern,AFE,GDP (current US$),NY.GDP.MKTP.CD,1989,194000000000.0
Africa Western and Central,AFW,GDP (current US$),NY.GDP.MKTP.CD,1989,102000000000.0
Albania,ALB,GDP (current US$),NY.GDP.MKTP.CD,1989,2253090000.0
Algeria,DZA,GDP (current US$),NY.GDP.MKTP.CD,1989,55634414465.0
Vanuatu,VUT,GDP (current US$),NY.GDP.MKTP.CD,1989,154013202.1
Vietnam,VNM,GDP (current US$),NY.GDP.MKTP.CD,1989,6293304975.0
West Bank and Gaza,PSE,GDP (current US$),NY.GDP.MKTP.CD,1989,
Zambia,ZMB,GDP (current US$),NY.GDP.MKTP.CD,1989,3998637681.0
Zimbabwe,ZWE,GDP (current US$),NY.GDP.MKTP.CD,1989,8286322700.0
Afghanistan,AFG,GDP (current US$),NY.GDP.MKTP.CD,1990,
Africa Eastern and Southern,AFE,GDP (current US$),NY.GDP.MKTP.CD,1990,212000000000.0
Africa Western and Central,AFW,GDP (current US$),NY.GDP.MKTP.CD,1990,122000000000.0
Albania,ALB,GDP (current US$),NY.GDP.MKTP.CD,1990,2028553750.0
Algeria,DZA,GDP (current US$),NY.GDP.MKTP.CD,1990,62048562947.0
Vanuatu,VUT,GDP (current US$),NY.GDP.MKTP.CD,1990,168879207.2
Vietnam,VNM,GDP (current US$),NY.GDP.MKTP.CD,1990,6471740806.0
West Bank and Gaza,PSE,GDP (current US$),NY.GDP.MKTP.CD,1990,
Zambia,ZMB,GDP (current US$),NY.GDP.MKTP.CD,1990,3285217391.0
Zimbabwe,ZWE,GDP (current US$),NY.GDP.MKTP.CD,1990,8783816700.0
Afghanistan,AFG,GDP (current US$),NY.GDP.MKTP.CD,1991,
Africa Eastern and Southern,AFE,GDP (current US$),NY.GDP.MKTP.CD,1991,221000000000.0
Africa Western and Central,AFW,GDP (current US$),NY.GDP.MKTP.CD,1991,117000000000.0
Albania,ALB,GDP (current US$),NY.GDP.MKTP.CD,1991,1099559028.0
Algeria,DZA,GDP (current US$),NY.GDP.MKTP.CD,1991,45715614560.0
Vanuatu,VUT,GDP (current US$),NY.GDP.MKTP.CD,1991,201334169.1
Vietnam,VNM,GDP (current US$),NY.GDP.MKTP.CD,1991,9613369520.0
West Bank and Gaza,PSE,GDP (current US$),NY.GDP.MKTP.CD,1991,
Zambia,ZMB,GDP (current US$),NY.GDP.MKTP.CD,1991,3378882353.0
Zimbabwe,ZWE,GDP (current US$),NY.GDP.MKTP.CD,1991,8641481700.0
Afghanistan,AFG,GDP (current US$),NY.GDP.MKTP.CD,1992,
Africa Eastern and Southern,AFE,GDP (current US$),NY.GDP.MKTP.CD,1992,220000000000.0
Africa Western and Central,AFW,GDP (current US$),NY.GDP.MKTP.CD,1992,118000000000.0
Albania,ALB,GDP (current US$),NY.GDP.MKTP.CD,1992,652174990.8
Algeria,DZA,GDP (current US$),NY.GDP.MKTP.CD,1992,48003078389.0
Vanuatu,VUT,GDP (current US$),NY.GDP.MKTP.CD,1992,209088824.6
Vietnam,VNM,GDP (current US$),NY.GDP.MKTP.CD,1992,9866990236.0
West Bank and Gaza,PSE,GDP (current US$),NY.GDP.MKTP.CD,1992,
Zambia,ZMB,GDP (current US$),NY.GDP.MKTP.CD,1992,3181921788.0
Zimbabwe,ZWE,GDP (current US$),NY.GDP.MKTP.CD,1992,6751472200.0
Afghanistan,AFG,GDP (current US$),NY.GDP.MKTP.CD,1993,
Africa Eastern and Southern,AFE,GDP (current US$),NY.GDP.MKTP.CD,1993,220000000000.0
Africa Western and Central,AFW,GDP (current US$),NY.GDP.MKTP.CD,1993,97186773684.0
Albania,ALB,GDP (current US$),NY.GDP.MKTP.CD,1993,1185315468.0
Algeria,DZA,GDP (current US$),NY.GDP.MKTP.CD,1993,49945599429.0
Vanuatu,VUT,GDP (current US$),NY.GDP.MKTP.CD,1993,200491853.2
Vietnam,VNM,GDP (current US$),NY.GDP.MKTP.CD,1993,13180953598.0
West Bank and Gaza,PSE,GDP (current US$),NY.GDP.MKTP.CD,1993,
Zambia,ZMB,GDP (current US$),NY.GDP.MKTP.CD,1993,3273237853.0
Zimbabwe,ZWE,GDP (current US$),NY.GDP.MKTP.CD,1993,6563813300.0
Afghanistan,AFG,GDP (current US$),NY.GDP.MKTP.CD,1994,
Africa Eastern and Southern,AFE,GDP (current US$),NY.GDP.MKTP.CD,1994,225000000000.0
Africa Western and Central,AFW,GDP (current US$),NY.GDP.MKTP.CD,1994,85693055814.0
Albania,ALB,GDP (current US$),NY.GDP.MKTP.CD,1994,1880951520.0
Algeria,DZA,GDP (current US$),NY.GDP.MKTP.CD,1994,42543178042.0
Vanuatu,VUT,GDP (current US$),NY.GDP.MKTP.CD,1994,233701301.5
Vietnam,VNM,GDP (current US$),NY.GDP.MKTP.CD,1994,16286433533.0
West Bank and Gaza,PSE,GDP (current US$),NY.GDP.MKTP.CD,1994,2843300000.0
Zambia,ZMB,GDP (current US$),NY.GDP.MKTP.CD,1994,3656647744.0
Zimbabwe,ZWE,GDP (current US$),NY.GDP.MKTP.CD,1994,6890675000.0
Afghanistan,AFG,GDP (current US$),NY.GDP.MKTP.CD,1995,
Africa Eastern and Southern,AFE,GDP (current US$),NY.GDP.MKTP.CD,1995,252000000000.0
Africa Western and Central,AFW,GDP (current US$),NY.GDP.MKTP.CD,1995,107000000000.0
Albania,ALB,GDP (current US$),NY.GDP.MKTP.CD,1995,2392764853.0
Algeria,DZA,GDP (current US$),NY.GDP.MKTP.CD,1995,41764315330.0
Vanuatu,VUT,GDP (current US$),NY.GDP.MKTP.CD,1995,249333250.1
Vietnam,VNM,GDP (current US$),NY.GDP.MKTP.CD,1995,20736164459.0
West Bank and Gaza,PSE,GDP (current US$),NY.GDP.MKTP.CD,1995,3282800000.0
Zambia,ZMB,GDP (current US$),NY.GDP.MKTP.CD,1995,3807067122.0
Zimbabwe,ZWE,GDP (current US$),NY.GDP.MKTP.CD,1995,7111270700.0
Afghanistan,AFG,GDP (current US$),NY.GDP.MKTP.CD,1996,
Africa Eastern and Southern,AFE,GDP (current US$),NY.GDP.MKTP.CD,1996,252000000000.0
Africa Western and Central,AFW,GDP (current US$),NY.GDP.MKTP.CD,1996,119000000000.0
Albania,ALB,GDP (current US$),NY.GDP.MKTP.CD,1996,3199642580.0
Algeria,DZA,GDP (current US$),NY.GDP.MKTP.CD,1996,46941582519.0
Vanuatu,VUT,GDP (current US$),NY.GDP.MKTP.CD,1996,261370044.5
Vietnam,VNM,GDP (current US$),NY.GDP.MKTP.CD,1996,24657470575.0
West Bank and Gaza,PSE,GDP (current US$),NY.GDP.MKTP.CD,1996,3409600000.0
Zambia,ZMB,GDP (current US$),NY.GDP.MKTP.CD,1996,3597220962.0
Zimbabwe,ZWE,GDP (current US$),NY.GDP.MKTP.CD,1996,8553146600.0
Afghanistan,AFG,GDP (current US$),NY.GDP.MKTP.CD,1997,
Africa Eastern and Southern,AFE,GDP (current US$),NY.GDP.MKTP.CD,1997,265000000000.0
Africa Western and Central,AFW,GDP (current US$),NY.GDP.MKTP.CD,1997,120000000000.0
Albania,ALB,GDP (current US$),NY.GDP.MKTP.CD,1997,2258515610.0
Algeria,DZA,GDP (current US$),NY.GDP.MKTP.CD,1997,48177612042.0
Vanuatu,VUT,GDP (current US$),NY.GDP.MKTP.CD,1997,272771209.1
Vietnam,VNM,GDP (current US$),NY.GDP.MKTP.CD,1997,26843700442.0
West Bank and Gaza,PSE,GDP (current US$),NY.GDP.MKTP.CD,1997,3759800000.0
Zambia,ZMB,GDP (current US$),NY.GDP.MKTP.CD,1997,4303281932.0
Zimbabwe,ZWE,GDP (current US$),NY.GDP.MKTP.CD,1997,8529571600.0
Afghanistan,AFG,GDP (current US$),NY.GDP.MKTP.CD,1998,
Africa Eastern and Southern,AFE,GDP (current US$),NY.GDP.MKTP.CD,1998,250000000000.0
Africa Western and Central,AFW,GDP (current US$),NY.GDP.MKTP.CD,1998,123000000000.0
Albania,ALB,GDP (current US$),NY.GDP.MKTP.CD,1998,2545967253.0
Algeria,DZA,GDP (current US$),NY.GDP.MKTP.CD,1998,48187747529.0
Vanuatu,VUT,GDP (current US$),NY.GDP.MKTP.CD,1998,262293410.7
Vietnam,VNM,GDP (current US$),NY.GDP.MKTP.CD,1998,27209602050.0
West Bank and Gaza,PSE,GDP (current US$),NY.GDP.MKTP.CD,1998,4067800000.0
Zambia,ZMB,GDP (current US$),NY.GDP.MKTP.CD,1998,3537683046.0
Zimbabwe,ZWE,GDP (current US$),NY.GDP.MKTP.CD,1998,6401968200.0
Afghanistan,AFG,GDP (current US$),NY.GDP.MKTP.CD,1999,
Africa Eastern and Southern,AFE,GDP (current US$),NY.GDP.MKTP.CD,1999,246000000000.0
Africa Western and Central,AFW,GDP (current US$),NY.GDP.MKTP.CD,1999,130000000000.0
Albania,ALB,GDP (current US$),NY.GDP.MKTP.CD,1999,3212119044.0
Algeria,DZA,GDP (current US$),NY.GDP.MKTP.CD,1999,48640653469.0
Vanuatu,VUT,GDP (current US$),NY.GDP.MKTP.CD,1999,268006972.7
Vietnam,VNM,GDP (current US$),NY.GDP.MKTP.CD,1999,28683659007.0
West Bank and Gaza,PSE,GDP (current US$),NY.GDP.MKTP.CD,1999,4271200000.0
Zambia,ZMB,GDP (current US$),NY.GDP.MKTP.CD,1999,3404311977.0
Zimbabwe,ZWE,GDP (current US$),NY.GDP.MKTP.CD,1999,6858013100.0
Afghanistan,AFG,GDP (current US$),NY.GDP.MKTP.CD,2000,
Africa Eastern and Southern,AFE,GDP (current US$),NY.GDP.MKTP.CD,2000,268000000000.0
Africa Western and Central,AFW,GDP (current US$),NY.GDP.MKTP.CD,2000,134000000000.0
Albania,ALB,GDP (current US$),NY.GDP.MKTP.CD,2000,3480355189.0
Algeria,DZA,GDP (current US$),NY.GDP.MKTP.CD,2000,54790379459.0
Vanuatu,VUT,GDP (current US$),NY.GDP.MKTP.CD,2000,272014693.1
Vietnam,VNM,GDP (current US$),NY.GDP.MKTP.CD,2000,31172518403.0
West Bank and Gaza,PSE,GDP (current US$),NY.GDP.MKTP.CD,2000,4313600000.0
Zambia,ZMB,GDP (current US$),NY.GDP.MKTP.CD,2000,3600683040.0
Zimbabwe,ZWE,GDP (current US$),NY.GDP.MKTP.CD,2000,6689957600.0
Afghanistan,AFG,GDP (current US$),NY.GDP.MKTP.CD,2001,
Africa Eastern and Southern,AFE,GDP (current US$),NY.GDP.MKTP.CD,2001,241000000000.0
Africa Western and Central,AFW,GDP (current US$),NY.GDP.MKTP.CD,2001,142000000000.0
Albania,ALB,GDP (current US$),NY.GDP.MKTP.CD,2001,3922099471.0
Algeria,DZA,GDP (current US$),NY.GDP.MKTP.CD,2001,54744725766.0
Vanuatu,VUT,GDP (current US$),NY.GDP.MKTP.CD,2001,257926881.7
Vietnam,VNM,GDP (current US$),NY.GDP.MKTP.CD,2001,32685198735.0
West Bank and Gaza,PSE,GDP (current US$),NY.GDP.MKTP.CD,2001,4003700000.0
Zambia,ZMB,GDP (current US$),NY.GDP.MKTP.CD,2001,4094480988.0
Zimbabwe,ZWE,GDP (current US$),NY.GDP.MKTP.CD,2001,6777384700.0
Afghanistan,AFG,GDP (current US$),NY.GDP.MKTP.CD,2002,4055179566.0
Africa Eastern and Southern,AFE,GDP (current US$),NY.GDP.MKTP.CD,2002,247000000000.0
Africa Western and Central,AFW,GDP (current US$),NY.GDP.MKTP.CD,2002,171000000000.0
Albania,ALB,GDP (current US$),NY.GDP.MKTP.CD,2002,4348070165.0
Algeria,DZA,GDP (current US$),NY.GDP.MKTP.CD,2002,56760318215.0
Vanuatu,VUT,GDP (current US$),NY.GDP.MKTP.CD,2002,262596597.8
Vietnam,VNM,GDP (current US$),NY.GDP.MKTP.CD,2002,35064105501.0
West Bank and Gaza,PSE,GDP (current US$),NY.GDP.MKTP.CD,2002,3555800000.0
Zambia,ZMB,GDP (current US$),NY.GDP.MKTP.CD,2002,4193845678.0
Zimbabwe,ZWE,GDP (current US$),NY.GDP.MKTP.CD,2002,6342116400.0
Afghanistan,AFG,GDP (current US$),NY.GDP.MKTP.CD,2003,4515558808.0
Africa Eastern and Southern,AFE,GDP (current US$),NY.GDP.MKTP.CD,2003,326000000000.0
Africa Western and Central,AFW,GDP (current US$),NY.GDP.MKTP.CD,2003,197000000000.0
Albania,ALB,GDP (current US$),NY.GDP.MKTP.CD,2003,5611492283.0
Algeria,DZA,GDP (current US$),NY.GDP.MKTP.CD,2003,67863841333.0
Vanuatu,VUT,GDP (current US$),NY.GDP.MKTP.CD,2003,314471328.1
Vietnam,VNM,GDP (current US$),NY.GDP.MKTP.CD,2003,39552513316.0
West Bank and Gaza,PSE,GDP (current US$),NY.GDP.MKTP.CD,2003,3968000000.0
Zambia,ZMB,GDP (current US$),NY.GDP.MKTP.CD,2003,4901839731.0
Zimbabwe,ZWE,GDP (current US$),NY.GDP.MKTP.CD,2003,5727591800.0
Afghanistan,AFG,GDP (current US$),NY.GDP.MKTP.CD,2004,5226778809.0
Africa Eastern and Southern,AFE,GDP (current US$),NY.GDP.MKTP.CD,2004,405000000000.0
Africa Western and Central,AFW,GDP (current US$),NY.GDP.MKTP.CD,2004,246000000000.0
Albania,ALB,GDP (current US$),NY.GDP.MKTP.CD,2004,7184681399.0
Algeria,DZA,GDP (current US$),NY.GDP.MKTP.CD,2004,85332581189.0
Vanuatu,VUT,GDP (current US$),NY.GDP.MKTP.CD,2004,364996869.1
Vietnam,VNM,GDP (current US$),NY.GDP.MKTP.CD,2004,45427854693.0
West Bank and Gaza,PSE,GDP (current US$),NY.GDP.MKTP.CD,2004,4603100000.0
Zambia,ZMB,GDP (current US$),NY.GDP.MKTP.CD,2004,6221077675.0
Zimbabwe,ZWE,GDP (current US$),NY.GDP.MKTP.CD,2004,5805598400.0
Afghanistan,AFG,GDP (current US$),NY.GDP.MKTP.CD,2005,6209137625.0
Africa Eastern and Southern,AFE,GDP (current US$),NY.GDP.MKTP.CD,2005,471000000000.0
Africa Western and Central,AFW,GDP (current US$),NY.GDP.MKTP.CD,2005,302000000000.0
Albania,ALB,GDP (current US$),NY.GDP.MKTP.CD,2005,8052075642.0
Algeria,DZA,GDP (current US$),NY.GDP.MKTP.CD,2005,103000000000.0
Vanuatu,VUT,GDP (current US$),NY.GDP.MKTP.CD,2005,394962552.3
Vietnam,VNM,GDP (current US$),NY.GDP.MKTP.CD,2005,57633255618.0
West Bank and Gaza,PSE,GDP (current US$),NY.GDP.MKTP.CD,2005,5125700000.0
Zambia,ZMB,GDP (current US$),NY.GDP.MKTP.CD,2005,8331870169.0
Zimbabwe,ZWE,GDP (current US$),NY.GDP.MKTP.CD,2005,5755215200.0
Afghanistan,AFG,GDP (current US$),NY.GDP.MKTP.CD,2006,6971285595.0
Africa Eastern and Southern,AFE,GDP (current US$),NY.GDP.MKTP.CD,2006,532000000000.0
Africa Western and Central,AFW,GDP (current US$),NY.GDP.MKTP.CD,2006,384000000000.0
Albania,ALB,GDP (current US$),NY.GDP.MKTP.CD,2006,8896073938.0
Algeria,DZA,GDP (current US$),NY.GDP.MKTP.CD,2006,117000000000.0
Vanuatu,VUT,GDP (current US$),NY.GDP.MKTP.CD,2006,439376794.1
Vietnam,VNM,GDP (current US$),NY.GDP.MKTP.CD,2006,66371664817.0
West Bank and Gaza,PSE,GDP (current US$),NY.GDP.MKTP.CD,2006,5348300000.0
Zambia,ZMB,GDP (current US$),NY.GDP.MKTP.CD,2006,12756858899.0
Zimbabwe,ZWE,GDP (current US$),NY.GDP.MKTP.CD,2006,5443896500.0
Afghanistan,AFG,GDP (current US$),NY.GDP.MKTP.CD,2007,9747879532.0
Africa Eastern and Southern,AFE,GDP (current US$),NY.GDP.MKTP.CD,2007,612000000000.0
Africa Western and Central,AFW,GDP (current US$),NY.GDP.MKTP.CD,2007,452000000000.0
Albania,ALB,GDP (current US$),NY.GDP.MKTP.CD,2007,10677321490.0
Algeria,DZA,GDP (current US$),NY.GDP.MKTP.CD,2007,135000000000.0
Vanuatu,VUT,GDP (current US$),NY.GDP.MKTP.CD,2007,516392922.5
Vietnam,VNM,GDP (current US$),NY.GDP.MKTP.CD,2007,77414425532.0
West Bank and Gaza,PSE,GDP (current US$),NY.GDP.MKTP.CD,2007,5815700000.0
Zambia,ZMB,GDP (current US$),NY.GDP.MKTP.CD,2007,14056957976.0
Zimbabwe,ZWE,GDP (current US$),NY.GDP.MKTP.CD,2007,5291950100.0
Afghanistan,AFG,GDP (current US$),NY.GDP.MKTP.CD,2008,10109225814.0
Africa Eastern and Southern,AFE,GDP (current US$),NY.GDP.MKTP.CD,2008,666000000000.0
Africa Western and Central,AFW,GDP (current US$),NY.GDP.MKTP.CD,2008,553000000000.0
Albania,ALB,GDP (current US$),NY.GDP.MKTP.CD,2008,12881354104.0
Algeria,DZA,GDP (current US$),NY.GDP.MKTP.CD,2008,171000000000.0
Vanuatu,VUT,GDP (current US$),NY.GDP.MKTP.CD,2008,590748237.0
Vietnam,VNM,GDP (current US$),NY.GDP.MKTP.CD,2008,99130304099.0
West Bank and Gaza,PSE,GDP (current US$),NY.GDP.MKTP.CD,2008,7310400000.0
Zambia,ZMB,GDP (current US$),NY.GDP.MKTP.CD,2008,17910858638.0
Zimbabwe,ZWE,GDP (current US$),NY.GDP.MKTP.CD,2008,4415702800.0
Afghanistan,AFG,GDP (current US$),NY.GDP.MKTP.CD,2009,12439087077.0
Africa Eastern and Southern,AFE,GDP (current US$),NY.GDP.MKTP.CD,2009,669000000000.0
Africa Western and Central,AFW,GDP (current US$),NY.GDP.MKTP.CD,2009,493000000000.0
Albania,ALB,GDP (current US$),NY.GDP.MKTP.CD,2009,12044223353.0
Algeria,DZA,GDP (current US$),NY.GDP.MKTP.CD,2009,137000000000.0
Vanuatu,VUT,GDP (current US$),NY.GDP.MKTP.CD,2009,592622502.4
Vietnam,VNM,GDP (current US$),NY.GDP.MKTP.CD,2009,106000000000.0
West Bank and Gaza,PSE,GDP (current US$),NY.GDP.MKTP.CD,2009,8085700000.0
Zambia,ZMB,GDP (current US$),NY.GDP.MKTP.CD,2009,15328342304.0
Zimbabwe,ZWE,GDP (current US$),NY.GDP.MKTP.CD,2009,9665793300.0
Afghanistan,AFG,GDP (current US$),NY.GDP.MKTP.CD,2010,15856574731.0
Africa Eastern and Southern,AFE,GDP (current US$),NY.GDP.MKTP.CD,2010,804000000000.0
Africa Western and Central,AFW,GDP (current US$),NY.GDP.MKTP.CD,2010,580000000000.0
Albania,ALB,GDP (current US$),NY.GDP.MKTP.CD,2010,11926928506.0
Algeria,DZA,GDP (current US$),NY.GDP.MKTP.CD,2010,161000000000.0
Vanuatu,VUT,GDP (current US$),NY.GDP.MKTP.CD,2010,670713208.1
Vietnam,VNM,GDP (current US$),NY.GDP.MKTP.CD,2010,116000000000.0
West Bank and Gaza,PSE,GDP (current US$),NY.GDP.MKTP.CD,2010,9681500000.0
Zambia,ZMB,GDP (current US$),NY.GDP.MKTP.CD,2010,20265559484.0
Zimbabwe,ZWE,GDP (current US$),NY.GDP.MKTP.CD,2010,12041655200.0
Afghanistan,AFG,GDP (current US$),NY.GDP.MKTP.CD,2011,17804292964.0
Africa Eastern and Southern,AFE,GDP (current US$),NY.GDP.MKTP.CD,2011,896000000000.0
Africa Western and Central,AFW,GDP (current US$),NY.GDP.MKTP.CD,2011,658000000000.0
Albania,ALB,GDP (current US$),NY.GDP.MKTP.CD,2011,12890765324.0
Algeria,DZA,GDP (current US$),NY.GDP.MKTP.CD,2011,200000000000.0
Vanuatu,VUT,GDP (current US$),NY.GDP.MKTP.CD,2011,770153304.2
Vietnam,VNM,GDP (current US$),NY.GDP.MKTP.CD,2011,136000000000.0
West Bank and Gaza,PSE,GDP (current US$),NY.GDP.MKTP.CD,2011,11186100000.0
Zambia,ZMB,GDP (current US$),NY.GDP.MKTP.CD,2011,23459515276.0
Zimbabwe,ZWE,GDP (current US$),NY.GDP.MKTP.CD,2011,14101920300.0
Afghanistan,AFG,GDP (current US$),NY.GDP.MKTP.CD,2012,20001598506.0
Africa Eastern and Southern,AFE,GDP (current US$),NY.GDP.MKTP.CD,2012,913000000000.0
Africa Western and Central,AFW,GDP (current US$),NY.GDP.MKTP.CD,2012,717000000000.0
Albania,ALB,GDP (current US$),NY.GDP.MKTP.CD,2012,12319830252.0
Algeria,DZA,GDP (current US$),NY.GDP.MKTP.CD,2012,209000000000.0
Vanuatu,VUT,GDP (current US$),NY.GDP.MKTP.CD,2012,747839697.7
Vietnam,VNM,GDP (current US$),NY.GDP.MKTP.CD,2012,156000000000.0
West Bank and Gaza,PSE,GDP (current US$),NY.GDP.MKTP.CD,2012,12208400000.0
Zambia,ZMB,GDP (current US$),NY.GDP.MKTP.CD,2012,25503060420.0
Zimbabwe,ZWE,GDP (current US$),NY.GDP.MKTP.CD,2012,17114849900.0
Afghanistan,AFG,GDP (current US$),NY.GDP.MKTP.CD,2013,20561069558.0
Africa Eastern and Southern,AFE,GDP (current US$),NY.GDP.MKTP.CD,2013,928000000000.0
Africa Western and Central,AFW,GDP (current US$),NY.GDP.MKTP.CD,2013,808000000000.0
Albania,ALB,GDP (current US$),NY.GDP.MKTP.CD,2013,12776217195.0
Algeria,DZA,GDP (current US$),NY.GDP.MKTP.CD,2013,210000000000.0
Vanuatu,VUT,GDP (current US$),NY.GDP.MKTP.CD,2013,758304466.2
Vietnam,VNM,GDP (current US$),NY.GDP.MKTP.CD,2013,171000000000.0
West Bank and Gaza,PSE,GDP (current US$),NY.GDP.MKTP.CD,2013,13515500000.0
Zambia,ZMB,GDP (current US$),NY.GDP.MKTP.CD,2013,28037239463.0
Zimbabwe,ZWE,GDP (current US$),NY.GDP.MKTP.CD,2013,19091020000.0
Afghanistan,AFG,GDP (current US$),NY.GDP.MKTP.CD,2014,20484885120.0
Africa Eastern and Southern,AFE,GDP (current US$),NY.GDP.MKTP.CD,2014,956000000000.0
Africa Western and Central,AFW,GDP (current US$),NY.GDP.MKTP.CD,2014,847000000000.0
Albania,ALB,GDP (current US$),NY.GDP.MKTP.CD,2014,13228144008.0
Algeria,DZA,GDP (current US$),NY.GDP.MKTP.CD,2014,214000000000.0
Vanuatu,VUT,GDP (current US$),NY.GDP.MKTP.CD,2014,772315721.3
Vietnam,VNM,GDP (current US$),NY.GDP.MKTP.CD,2014,186000000000.0
West Bank and Gaza,PSE,GDP (current US$),NY.GDP.MKTP.CD,2014,13989700000.0
Zambia,ZMB,GDP (current US$),NY.GDP.MKTP.CD,2014,27141023558.0
Zimbabwe,ZWE,GDP (current US$),NY.GDP.MKTP.CD,2014,19495519600.0
Afghanistan,AFG,GDP (current US$),NY.GDP.MKTP.CD,2015,19907111419.0
Africa Eastern and Southern,AFE,GDP (current US$),NY.GDP.MKTP.CD,2015,893000000000.0
Africa Western and Central,AFW,GDP (current US$),NY.GDP.MKTP.CD,2015,757000000000.0
Albania,ALB,GDP (current US$),NY.GDP.MKTP.CD,2015,11386846319.0
Algeria,DZA,GDP (current US$),NY.GDP.MKTP.CD,2015,166000000000.0
Vanuatu,VUT,GDP (current US$),NY.GDP.MKTP.CD,2015,730870581.7
Vietnam,VNM,GDP (current US$),NY.GDP.MKTP.CD,2015,193000000000.0
West Bank and Gaza,PSE,GDP (current US$),NY.GDP.MKTP.CD,2015,13972400000.0
Zambia,ZMB,GDP (current US$),NY.GDP.MKTP.CD,2015,21251216799.0
Zimbabwe,ZWE,GDP (current US$),NY.GDP.MKTP.CD,2015,19963120600.0
Afghanistan,AFG,GDP (current US$),NY.GDP.MKTP.CD,2016,18017749074.0
Africa Eastern and Southern,AFE,GDP (current US$),NY.GDP.MKTP.CD,2016,855000000000.0
Africa Western and Central,AFW,GDP (current US$),NY.GDP.MKTP.CD,2016,687000000000.0
Albania,ALB,GDP (current US$),NY.GDP.MKTP.CD,2016,11861200797.0
Algeria,DZA,GDP (current US$),NY.GDP.MKTP.CD,2016,160000000000.0
Vanuatu,VUT,GDP (current US$),NY.GDP.MKTP.CD,2016,780889605.9
Vietnam,VNM,GDP (current US$),NY.GDP.MKTP.CD,2016,205000000000.0
West Bank and Gaza,PSE,GDP (current US$),NY.GDP.MKTP.CD,2016,15405400000.0
Zambia,ZMB,GDP (current US$),NY.GDP.MKTP.CD,2016,20958412538.0
Zimbabwe,ZWE,GDP (current US$),NY.GDP.MKTP.CD,2016,20548678100.0
Afghanistan,AFG,GDP (current US$),NY.GDP.MKTP.CD,2017,18869945678.0
Africa Eastern and Southern,AFE,GDP (current US$),NY.GDP.MKTP.CD,2017,962000000000.0
Africa Western and Central,AFW,GDP (current US$),NY.GDP.MKTP.CD,2017,681000000000.0
Albania,ALB,GDP (current US$),NY.GDP.MKTP.CD,2017,13019693451.0
Algeria,DZA,GDP (current US$),NY.GDP.MKTP.CD,2017,170000000000.0
Vanuatu,VUT,GDP (current US$),NY.GDP.MKTP.CD,2017,880043553.7
Vietnam,VNM,GDP (current US$),NY.GDP.MKTP.CD,2017,224000000000.0
West Bank and Gaza,PSE,GDP (current US$),NY.GDP.MKTP.CD,2017,16128000000.0
Zambia,ZMB,GDP (current US$),NY.GDP.MKTP.CD,2017,25873601261.0
Zimbabwe,ZWE,GDP (current US$),NY.GDP.MKTP.CD,2017,19015327919.0
Afghanistan,AFG,GDP (current US$),NY.GDP.MKTP.CD,2018,18353881130.0
Africa Eastern and Southern,AFE,GDP (current US$),NY.GDP.MKTP.CD,2018,984000000000.0
Africa Western and Central,AFW,GDP (current US$),NY.GDP.MKTP.CD,2018,738000000000.0
Albania,ALB,GDP (current US$),NY.GDP.MKTP.CD,2018,15147020535.0
Algeria,DZA,GDP (current US$),NY.GDP.MKTP.CD,2018,175000000000.0
Vanuatu,VUT,GDP (current US$),NY.GDP.MKTP.CD,2018,914727908.1
Vietnam,VNM,GDP (current US$),NY.GDP.MKTP.CD,2018,245000000000.0
West Bank and Gaza,PSE,GDP (current US$),NY.GDP.MKTP.CD,2018,16276600000.0
Zambia,ZMB,GDP (current US$),NY.GDP.MKTP.CD,2018,26311637647.0
Zimbabwe,ZWE,GDP (current US$),NY.GDP.MKTP.CD,2018,19523622342.0
Afghanistan,AFG,GDP (current US$),NY.GDP.MKTP.CD,2019,19291104008.0
Africa Eastern and Southern,AFE,GDP (current US$),NY.GDP.MKTP.CD,2019,978000000000.0
Africa Western and Central,AFW,GDP (current US$),NY.GDP.MKTP.CD,2019,792000000000.0
Albania,ALB,GDP (current US$),NY.GDP.MKTP.CD,2019,15286612573.0
Algeria,DZA,GDP (current US$),NY.GDP.MKTP.CD,2019,171000000000.0
Vanuatu,VUT,GDP (current US$),NY.GDP.MKTP.CD,2019,930337960.0
Vietnam,VNM,GDP (current US$),NY.GDP.MKTP.CD,2019,262000000000.0
West Bank and Gaza,PSE,GDP (current US$),NY.GDP.MKTP.CD,2019,17133500000.0
Zambia,ZMB,GDP (current US$),NY.GDP.MKTP.CD,2019,23308688906.0
Zimbabwe,ZWE,GDP (current US$),NY.GDP.MKTP.CD,2019,16932434839.0
